date,dream_text,emotion
2025-01-01,Agent every development say quality throughout beautiful instead.,happy
2025-01-02,Behavior discussion own night respond.,neutral
2025-01-03,Information last everything thank serve civil institution everyone democratic shake bill here grow gas enough.,happy
2025-01-04,Role movie win her need.,neutral
2025-01-05,Peace technology officer relate animal direction eye bag do big everyone player half have decide.,happy
2025-01-06,Reduce raise author play move each left establish understand read detail food shoulder.,happy
2025-01-07,Director allow firm environment.,neutral
2025-01-08,Tree note responsibility defense material those poor central cause.,neutral
2025-01-09,Much section investment on gun young catch management sense technology check civil quite others his.,happy
2025-01-10,You more wife team activity result race Mr environment political born itself.,anxious
2025-01-11,About reveal rest will seven medical blood personal success.,neutral
2025-01-12,Participant check several much single morning a food affect upon these story film around.,sad
2025-01-13,Water beat magazine attorney set she campaign little near enter their institution deep much role.,happy
2025-01-14,Require human public health tonight.,neutral
2025-01-15,Building different full open discover detail audience piece director town teacher.,neutral
2025-01-16,Method everything magazine much rich think.,sad
2025-01-17,Line six space couple best issue interest.,anxious
2025-01-18,Tell approach president position art rock song body court movie cell contain leg themselves.,anxious
2025-01-19,Kitchen technology nearly anything yourself structure.,anxious
2025-01-20,Unit support coach magazine.,neutral
2025-01-21,Ten total clearly able hospital unit size.,neutral
2025-01-22,Institution whatever yet new.,neutral
2025-01-23,Choice father why often my security arm once me system church whether bag control organization push dog.,happy
2025-01-24,Walk now often always bank price north.,sad
2025-01-25,Various daughter respond draw how public feel first sell authority leader your you.,neutral
2025-01-26,Mrs media car.,sad
2025-01-27,Thing these hard citizen street region particularly would pressure account stage federal professional voice.,sad
2025-01-28,Enough threat score choice example.,anxious
2025-01-29,Response data plant enough major town suffer begin interest.,happy
2025-01-30,Analysis four capital woman claim kind relationship.,neutral
2025-01-31,Act away third tough nation strong old challenge camera final together someone team together decide economic bill.,anxious
2025-02-01,This image per choice upon ten wish specific thing.,anxious
2025-02-02,Conference under site in prove.,neutral
2025-02-03,Environment skin blue the teach develop.,sad
2025-02-04,Glass star the development process huge everything attorney significant go meeting quickly.,anxious
2025-02-05,Former agree theory end oil worker although others generation skill job.,sad
2025-02-06,Break tonight couple and job mind southern rather vote say culture issue we TV perhaps professional.,happy
2025-02-07,Rest feel finally impact I fast camera inside.,sad
2025-02-08,Quality total past feeling nature a.,happy
2025-02-09,Decision size parent focus kid put memory.,sad
2025-02-10,Probably exist professional people behavior weight dog financial southern challenge.,anxious
2025-02-11,Each little sure.,anxious
2025-02-12,Lay though offer responsibility himself hundred challenge reach throughout.,happy
2025-02-13,Sing despite sound receive let newspaper true building card.,neutral
2025-02-14,Property write other wear through partner rest measure store natural today season listen else easy point.,happy
2025-02-15,Machine dream key require doctor from throw ball character him check.,happy
2025-02-16,Ask imagine my indeed deal.,sad
2025-02-17,Hope show watch affect thing offer local wall fear.,anxious
2025-02-18,Table well industry section national owner determine detail job ahead from.,sad
2025-02-19,Right subject try wonder move trade option production base investment term consider employee.,happy
2025-02-20,Deep force seven here sell story edge.,anxious
2025-02-21,Like see appear.,sad
2025-02-22,Difference attention whatever American all easy stuff perform.,neutral
2025-02-23,Call prove nor design record.,sad
2025-02-24,Cold parent security boy standard who blue agent find quality when however.,sad
2025-02-25,Away real physical big significant sure.,neutral
2025-02-26,South someone not American mouth product attention positive.,happy
2025-02-27,Support state black whether player stock.,happy
2025-02-28,Itself safe whole establish space Mrs low.,neutral
2025-03-01,Stay or focus early various everything late seek now property from management foot maintain great election.,happy
2025-03-02,They red everybody act way beat result.,happy
2025-03-03,New drive live Republican large admit family identify during professional hard network.,happy
2025-03-04,International second former reflect even edge.,neutral
2025-03-05,Return firm sea week real course school everybody operation set.,happy
2025-03-06,Executive beyond create dinner conference add move ever.,anxious
2025-03-07,Network recently call than make their off light key.,neutral
2025-03-08,Whole education technology box assume man.,anxious
2025-03-09,Picture approach chance none fight yes budget share paper so difficult mission late kind team.,happy
2025-03-10,Figure perform participant science way debate decision produce church community avoid able.,sad
2025-03-11,Ready like allow explain executive teacher author do enough social operation sound cup boy different.,happy
2025-03-12,Training step author coach film see notice eye buy.,anxious
2025-03-13,Record wall matter management ball always it focus.,anxious
2025-03-14,Ago director purpose team onto.,neutral
2025-03-15,Yourself public especially American series.,sad
2025-03-16,Million kind everything young job sport why like impact fly bit claim in many.,neutral
2025-03-17,Spend nearly lawyer fire follow wife identify method write price my including could gun series.,anxious
2025-03-18,Kind appear environment capital explain thing machine ahead picture son report financial add impact different success box water.,happy
2025-03-19,Marriage respond meeting event strong woman during necessary himself two.,sad
2025-03-20,Second carry attorney significant take future.,happy
2025-03-21,Environment able rise study oil process tend land machine forward several help usually thank wonder draw.,happy
2025-03-22,Do simply analysis seat relate specific history professional star wonder manager.,sad
2025-03-23,Call whole forward beyond suddenly between treat address.,neutral
2025-03-24,Improve pressure child light wide full realize power system.,happy
2025-03-25,Here first responsibility service their along.,anxious
2025-03-26,Doctor range explain dinner bed within set region.,happy
2025-03-27,Kitchen really tough animal someone fall hear certainly.,sad
2025-03-28,Include radio conference company participant him raise marriage.,sad
2025-03-29,Central leave effect effort act source.,sad
2025-03-30,Quality citizen kid generation onto police interesting economic suddenly current his.,neutral
2025-03-31,Blood high grow fast recognize against stop how.,happy
2025-04-01,Not rate seat any.,neutral
2025-04-02,Seat strategy total simply discover soon.,neutral
2025-04-03,Pm per question return process stuff pick.,sad
2025-04-04,Position final kid often run bed far section compare car much will most tree store either station loss southern.,sad
2025-04-05,Sound life away senior difficult put purpose however suffer newspaper bed.,sad
2025-04-06,Add Mr lawyer pull public once state wait board doctor agent this no trip determine.,neutral
2025-04-07,Play less red power bring animal also you.,happy
2025-04-08,Best thought career law provide sea watch industry.,happy
2025-04-09,Those pressure street past voice evidence real describe know door.,anxious
2025-04-10,Between rate name within grow huge couple business summer lawyer production politics.,neutral
2025-04-11,Wife anything four writer skin day stop never.,happy
2025-04-12,Democratic thank forget challenge too able.,sad
2025-04-13,Would music sometimes body term capital group small.,sad
2025-04-14,Food company appear score moment second live sing message board mean war analysis situation.,happy
2025-04-15,Feeling poor all your suggest international blue Republican kitchen tonight focus chance call person one.,anxious
2025-04-16,Herself our far measure involve soldier boy pressure there.,sad
2025-04-17,Result Democrat later direction fund law indeed believe interview.,happy
2025-04-18,Hear check type attack story behavior benefit school speech news only.,sad
2025-04-19,No prove improve them wait institution trouble anything explain fine billion medical choice.,sad
2025-04-20,Difference board suddenly happen several off southern suddenly.,happy
2025-04-21,Party poor ago upon stop environment.,neutral
2025-04-22,Event several TV go consider.,sad
2025-04-23,Not husband center plan air second Democrat.,neutral
2025-04-24,Law church find food walk other third.,anxious
2025-04-25,Church pay purpose.,sad
2025-04-26,Kitchen interest parent increase democratic mention generation book.,sad
2025-04-27,Main project animal house out account feeling deep case eight foreign account section compare herself region matter street.,anxious
2025-04-28,Author technology amount affect TV television office of remember individual boy.,sad
2025-04-29,Whom commercial way least ready gun.,neutral
2025-04-30,Such during open model how financial fund four collection member box member town glass.,happy
2025-05-01,Door chair culture own set pretty concern significant management senior.,happy
2025-05-02,Large under north play person ten physical character attention kind field ever argue medical financial later arm story.,happy
2025-05-03,Popular within bed order.,neutral
2025-05-04,Leg never social time last special prepare focus little character artist.,happy
2025-05-05,Specific study word.,happy
2025-05-06,Mean common easy just keep.,neutral
2025-05-07,Particular hair truth hold simple quickly appear piece free form.,neutral
2025-05-08,Question exist rich prevent trade their four old center glass whose.,neutral
2025-05-09,Can remember be next poor foreign campaign reflect water young treatment behavior.,neutral
2025-05-10,Meet adult final week game she court yourself choice fast small medical.,anxious
2025-05-11,Strong this also from short capital heavy class story side.,sad
2025-05-12,Return analysis hair rest wide particular sell six.,happy
2025-05-13,Move finally speak light strong happy.,happy
2025-05-14,Worker left example high month whom stage soon catch economic political them never.,neutral
2025-05-15,Represent middle by base.,neutral
2025-05-16,Evening town challenge join watch develop later glass ago apply maybe.,neutral
2025-05-17,History bank different five between research friend certainly although true line.,anxious
2025-05-18,Serve light past town affect democratic.,neutral
2025-05-19,Nature road month book explain feeling answer.,neutral
2025-05-20,Police performance artist student matter movie place offer responsibility.,neutral
2025-05-21,Investment pass drive indicate professor beat window attack moment medical write never hospital.,sad
2025-05-22,Analysis hit health section ground attack drop price billion old series card good.,anxious
2025-05-23,Spend compare single let receive place specific as simply leader fall analysis current.,neutral
2025-05-24,Firm financial huge spring list already positive.,happy
2025-05-25,Ground sit tend forward.,happy
2025-05-26,Son join hundred.,happy
2025-05-27,Thus hit wind many marriage under mind song risk bad own state nation fly bag.,anxious
2025-05-28,Fill owner international ready goal amount thank good your ever woman way.,anxious
2025-05-29,Provide image message seek civil.,happy
2025-05-30,Central parent sit alone attack sing hand him.,neutral
2025-05-31,Allow check last he know baby case happen fire.,anxious
2025-06-01,Economic box save material hit no energy employee land you.,happy
2025-06-02,Really your customer career available common require young specific.,happy
2025-06-03,Property remember nearly face feel church remember record company gun difference world.,neutral
2025-06-04,Door management guess occur level work candidate this assume huge.,sad
2025-06-05,Moment shoulder statement available win politics last quite general there.,anxious
2025-06-06,Policy consider whom item treat area.,neutral
2025-06-07,Million fight class various different.,happy
2025-06-08,Thus suffer economy play nearly by field move maybe collection walk child probably result painting successful nor.,happy
2025-06-09,Ball we side enough decision occur peace.,happy
2025-06-10,Marriage phone face what lot source.,neutral
2025-06-11,Father authority art keep machine daughter parent fine responsibility safe team wish candidate.,anxious
2025-06-12,Middle blood drop business last cell anything war ten industry while total spend.,sad
2025-06-13,Return couple city you level these market bed hotel lead.,sad
2025-06-14,Democrat good anything manager.,happy
2025-06-15,Experience account blue care enough hand.,anxious
2025-06-16,Hand hundred now crime network available mean share evidence writer quite budget window hour some.,sad
2025-06-17,Newspaper hand certain own husband American although require.,anxious
2025-06-18,Mind chance throw cause use five hotel pattern successful order medical meeting majority.,anxious
2025-06-19,Feel staff happy purpose woman on someone.,happy
2025-06-20,Ago listen whose situation simply officer return on color.,happy
2025-06-21,Return simple herself start drug occur red.,sad
2025-06-22,Affect finish charge real improve simple turn.,neutral
2025-06-23,Relationship million night.,happy
2025-06-24,Moment finish community treatment garden great sign return poor really particular court east newspaper.,sad
2025-06-25,Walk word side relate.,sad
2025-06-26,First give value somebody event business.,sad
2025-06-27,Here woman stand west source fact explain.,sad
2025-06-28,Get kind either look.,sad
2025-06-29,Still even no even body scientist dream anything.,anxious
2025-06-30,Difficult do beyond form line race case who within citizen present thing little.,happy
2025-07-01,Sense expert experience arrive shoulder present discussion.,anxious
2025-07-02,Tree company think.,neutral
2025-07-03,Value already structure small.,sad
2025-07-04,View while unit theory across.,happy
2025-07-05,Owner up friend lawyer political modern threat.,sad
2025-07-06,Surface life cover both class learn.,happy
2025-07-07,Responsibility add front far purpose cover particularly police if into foreign husband.,anxious
2025-07-08,Continue cell food easy end dog send.,happy
2025-07-09,Few reveal activity president realize artist brother fill if maybe time.,neutral
2025-07-10,Real police wait happen determine whatever long.,neutral
2025-07-11,Security paper indeed near likely Mr professional despite easy senior their bank.,happy
2025-07-12,Month gun true born stock total dark Mr clearly take kind quite response major.,anxious
2025-07-13,Knowledge argue car indeed nor next.,happy
2025-07-14,Rich how staff second official and general as yes.,happy
2025-07-15,Worry line expert conference career political role white.,anxious
2025-07-16,Year him thank trade heart radio product much president.,happy
2025-07-17,Budget year hotel camera without strong series without.,neutral
2025-07-18,Pull name mother statement easy get every.,sad
2025-07-19,Allow produce past view threat drive attack.,happy
2025-07-20,Almost our reflect any scientist I doctor describe tell argue mean eye staff.,happy
2025-07-21,Five our pull fly few century.,neutral
2025-07-22,Determine feel article we they treatment personal interview many win walk provide skill five indicate chance.,neutral
2025-07-23,Contain Mrs drive different tax certain leg arm include indicate.,anxious
2025-07-24,Care drug data position two suggest begin right.,happy
2025-07-25,Appear help painting always authority source.,sad
2025-07-26,Right next look thank four whatever address view while bring.,anxious
2025-07-27,Trial receive region however dream focus executive letter.,neutral
2025-07-28,Final growth third letter sort reveal seven floor data fine animal ten scientist administration.,neutral
2025-07-29,Various often individual charge form here street material pressure.,sad
2025-07-30,Either start whom politics make collection some.,happy
2025-07-31,Cause national contain threat wrong whatever.,anxious
2025-08-01,Almost suggest war property share include successful discuss religious across media health pay.,neutral
2025-08-02,Tree process administration mother in admit reveal movie expert maybe recently.,neutral
2025-08-03,South travel blood benefit chance court money spring environment however health image north wrong.,anxious
2025-08-04,Feel stock ball yard.,sad
2025-08-05,Behavior here need argue act commercial matter.,neutral
2025-08-06,Population former with wind thus try discover top realize note even under.,happy
2025-08-07,Tonight nor allow up fire.,neutral
2025-08-08,Onto sell require huge baby class drive strong home to.,happy
2025-08-09,Himself science so ready bad.,anxious
2025-08-10,Approach join stuff future shoulder western however similar ahead event yeah make green.,happy
2025-08-11,It quickly produce beat peace something require bank child Republican plant science first blood.,anxious
2025-08-12,Wall know seven.,happy
2025-08-13,Car cost large never impact ago government behavior.,anxious
2025-08-14,Six tell activity including single right nice yeah drug minute rate college especially environmental certainly cold every feel site.,happy
2025-08-15,Edge east person order crime blood fight.,sad
2025-08-16,Forward per sound forget friend spring teacher wind carry fly water cut.,happy
2025-08-17,Concern huge five same plan whose site for exactly skill half usually customer young.,happy
2025-08-18,Race nearly well left remain just fact realize standard somebody.,sad
2025-08-19,Pull cause field education child institution help last.,neutral
2025-08-20,Look husband media turn reality myself.,neutral
2025-08-21,Reduce speech order trial body eat.,happy
2025-08-22,Coach partner none population position.,sad
2025-08-23,Whole involve action else member million oil offer knowledge.,happy
2025-08-24,Leg quickly real character young lot far turn beat.,anxious
2025-08-25,Give gas six miss give best reveal laugh.,happy
2025-08-26,Feel special boy support possible quality clearly worker.,anxious
2025-08-27,Might necessary former interview left something picture control price how scene.,happy
2025-08-28,Last involve above Democrat everything.,neutral
2025-08-29,Officer son Mr hand.,neutral
2025-08-30,Leader energy television month police.,happy
2025-08-31,Home hotel box goal leader common purpose song try opportunity.,happy
2025-09-01,Finish draw bring health center home others offer institution.,anxious
2025-09-02,Player really population yourself never majority cell fire late approach grow act.,happy
2025-09-03,Crime himself no president important man report kitchen cold.,neutral
2025-09-04,Air set factor ever Mrs collection.,happy
2025-09-05,Not significant manager member of environmental myself yard my series service kid despite interesting.,anxious
2025-09-06,Fear yourself last give stage keep yes.,anxious
2025-09-07,Decide scene ready technology.,neutral
2025-09-08,Plan coach cause deal deal arrive go exactly much food region eye environment teach world quickly.,sad
2025-09-09,Career seek in arrive everyone.,anxious
2025-09-10,Reduce car chair focus easy such hotel.,neutral
2025-09-11,Officer environmental increase later plant they behavior middle everything.,neutral
2025-09-12,Lawyer maintain old than suggest behavior will play.,happy
2025-09-13,Sure somebody huge why station manager follow.,anxious
2025-09-14,Front official not magazine gas radio any between six least buy tax.,sad
2025-09-15,Lead yeah into yet travel think few themselves.,anxious
2025-09-16,Behavior growth bar professor power appear personal rise sense investment before believe.,neutral
2025-09-17,Live car difficult quite act.,happy
2025-09-18,Stage write institution car audience him.,happy
2025-09-19,Billion happen federal him.,anxious
2025-09-20,Political quality attention none particular clearly goal.,neutral
2025-09-21,Physical character in rather team beautiful.,happy
2025-09-22,Cause but role goal investment social easy popular easy.,neutral
2025-09-23,Outside parent single real summer probably feeling military meeting security.,anxious
2025-09-24,Position six soldier dream.,happy
2025-09-25,Both matter order month within would value car.,neutral
2025-09-26,Inside national common likely would authority.,happy
2025-09-27,Attack energy always art smile media pick may indeed reduce bar Mr.,happy
2025-09-28,Check base bad TV window choice force only shake power poor.,anxious
2025-09-29,Recognize role suffer around beat its law participant finally score scientist.,neutral
2025-09-30,Actually case activity market get military state else head.,happy
2025-10-01,Run brother tonight friend investment model enjoy window physical many.,happy
2025-10-02,Growth matter note happy effort bill off reveal.,happy
2025-10-03,Scientist able teach activity.,anxious
2025-10-04,Line him change.,happy
2025-10-05,Need trial scientist information.,happy
2025-10-06,Eat trouble floor step number budget pull apply development middle.,sad
2025-10-07,West attention let executive suddenly force network.,sad
2025-10-08,Hard factor six science drug happy.,happy
2025-10-09,Young simply run national somebody character usually agency must player really act.,happy
2025-10-10,Ability price support road billion morning draw man art young.,anxious
2025-10-11,Behavior TV today mind red head.,sad
2025-10-12,Oil measure PM hour option artist production.,anxious
2025-10-13,Door end fire song red save fish evening avoid.,sad
2025-10-14,Carry show board black last.,happy
2025-10-15,Image movie who debate final enter build citizen rather.,anxious
2025-10-16,American structure foreign before eat green.,anxious
2025-10-17,Any federal star community weight take.,happy
2025-10-18,Security economic left sound cause activity store work candidate statement head.,anxious
2025-10-19,Visit base only true avoid young cup position speak.,anxious
2025-10-20,Toward stop former amount leave.,sad
2025-10-21,Under item right many him.,anxious
2025-10-22,Common Democrat cost evidence third.,neutral
2025-10-23,Pass pay positive.,happy
2025-10-24,Include nearly article evidence case current this moment piece soon some.,sad
2025-10-25,Site grow name machine tree maybe home conference five despite.,sad
2025-10-26,Around yard morning short yourself wind.,neutral
2025-10-27,Easy drop move social say shake way offer work.,happy
2025-10-28,Great stuff suddenly compare or south recently trial agreement.,happy
2025-10-29,Way nor none could write think man finally make bed discussion despite.,sad
2025-10-30,Long forward pass southern future concern.,anxious
2025-10-31,Arrive challenge relate center book money half authority relate.,sad
2025-11-01,Only from follow wish run join police.,happy
2025-11-02,Power company why really up skin.,neutral
2025-11-03,Program sport her safe family concern ability.,sad
2025-11-04,Hot yes whole allow own TV whose determine not view cell.,happy
2025-11-05,Draw word collection those become remember police.,sad
2025-11-06,Land enter economic attack either.,anxious
2025-11-07,Result answer just information coach.,sad
2025-11-08,Manage her national big look tell.,sad
2025-11-09,Class available suffer far five weight avoid color heart rule natural.,happy
2025-11-10,Full world throw relate issue president parent its approach.,happy
2025-11-11,Day couple recent reveal role enter example down anyone occur.,happy
2025-11-12,Child guess into far product outside current agent color factor bank such final however major produce before.,sad
2025-11-13,Hold he high cost and keep enjoy student nor.,happy
2025-11-14,Sell property beat gas must wife operation network subject.,anxious
2025-11-15,Industry movement term little think live bad total research maybe too song quality per build.,neutral
2025-11-16,Common worker will speak call interest write.,neutral
2025-11-17,Dark state challenge organization floor road southern beautiful news need task.,anxious
2025-11-18,Leader them skill performance mission information increase challenge onto serve vote understand none.,happy
2025-11-19,Size test they there.,happy
2025-11-20,Him magazine participant also every century participant really although threat former down second.,sad
2025-11-21,Today after stage field exactly.,neutral
2025-11-22,Teach range win direction feel season similar fly rock painting become kid tree imagine machine might hear.,sad
2025-11-23,Middle city find.,happy
2025-11-24,Idea sister modern notice community themselves customer arm almost anything growth current happy less.,happy
2025-11-25,Play buy air head order.,happy
2025-11-26,Whether listen necessary general study else store bed agree anyone.,anxious
2025-11-27,Sister Democrat determine different deal prepare message ten whose radio listen car community.,anxious
2025-11-28,Difference part wall require remember every.,happy
2025-11-29,Surface learn design few minute perhaps once account yourself whom style no order executive range.,happy
2025-11-30,As write political technology end represent throughout federal change she tonight south sort.,neutral
2025-12-01,Identify floor cause agent market fast trade identify say on yes staff gas require rather point little wait grow.,neutral
2025-12-02,Suddenly subject theory Congress best campaign.,sad
2025-12-03,Rise next tree water tonight.,neutral
2025-12-04,Develop development the inside thought he one less brother.,anxious
2025-12-05,Term on want author threat matter test.,anxious
2025-12-06,Morning including that character yeah garden would throughout would century television Congress ball forward would.,happy
2025-12-07,Play above event seven collection share majority shake because pass plant.,happy
2025-12-08,Investment local above move room wear throughout series most adult above safe difficult theory.,neutral
2025-12-09,Can himself open cold statement fear fact.,anxious
2025-12-10,Others full thousand yet garden top grow could way truth.,sad
2025-12-11,Affect difference world deep against.,anxious
2025-12-12,College hand practice also theory eight movement any yes product president after ready indicate.,anxious
2025-12-13,Buy education reduce day rate act inside.,sad
2025-12-14,Production establish paper case store bit responsibility.,sad
2025-12-15,Executive size marriage participant.,anxious
2025-12-16,Story win group important civil.,anxious
2025-12-17,Many debate value former able public trade structure protect chance bed memory rich big.,sad
2025-12-18,Popular lead with enough anyone spend them system growth.,anxious
2025-12-19,International break surface three act catch positive.,happy
2025-12-20,Group just perform there behavior spring consumer husband while even history surface son.,happy
2025-12-21,Both receive around wall city indeed opportunity soon question consider here.,sad
2025-12-22,Particularly television they road through low maintain thought key as.,neutral
2025-12-23,Actually than modern season rich difference what their mind read peace item risk loss.,sad
2025-12-24,Chance step throughout party activity various measure light many close seem fly former everything medical.,sad
2025-12-25,Poor idea dog learn soon large task language budget market president bill include.,sad
2025-12-26,Near stay social white point three.,neutral
2025-12-27,Deal public wear guy approach development lawyer nice people list.,neutral
2025-12-28,Respond box service develop game stop who factor miss reduce animal clearly cell response.,neutral
2025-12-29,Blood particularly could us hotel lead sit response blue increase unit.,happy
2025-12-30,But through leader operation mean white above save network item one under sit.,anxious
2025-12-31,Reality community spring billion price paper focus.,happy
